{"guid":{"value":"228ce4ec74e4d06c-18e02ee398a4dda2"},"aspectRatio":1,"rotation":{"x":0,"y":0,"z":0},"center":{"x":4.975113,"y":0,"z":12.9371033},"unclampedSize":{"x":448,"y":448},"nodeSize":3.2,"collision":{"type":"Capsule","diameter":2,"height":1,"collisionOffset":0,"rayDirection":"Both","mask":{"value":512},"heightMask":{"value":256},"fromHeight":10,"thickRaycast":false,"thickRaycastDiameter":0.1,"up":{"x":0,"y":1,"z":0},"collisionCheck":true,"heightCheck":true,"unwalkableWhenNoGround":true,"use2D":false},"maxClimb":0.4,"maxClimbAxis":1,"maxSlope":90,"erodeIterations":0,"erosionUseTags":false,"erosionFirstTag":1,"autoLinkGrids":false,"autoLinkDistLimit":10,"neighbours":"Eight","cutCorners":false,"penaltyPositionOffset":0,"penaltyPosition":false,"penaltyPositionFactor":1,"penaltyAngle":false,"penaltyAngleFactor":100,"initialPenalty":0,"open":true,"name":"Grid Graph","drawGizmos":true,"infoScreenOpen":false,"matrix":{"values":[3.2,0,0,0,0,1,0,0,0,0,3.2,0,-219.024887,0,-211.0629,1]}}